{"reference": "J7", "proportionalOutlinePath": [[0.56, 0.2275], [0.5591666666666667, 0.22916666666666666], [0.5591666666666667, 0.23083333333333333], [0.5616666666666666, 0.23333333333333334], [0.565, 0.2375], [0.565, 0.23833333333333334], [0.5683333333333334, 0.24166666666666667], [0.57, 0.24416666666666667], [0.57, 0.2475], [0.5675, 0.25166666666666665], [0.5675, 0.25333333333333335], [0.5691666666666667, 0.25583333333333336], [0.5725, 0.26], [0.5741666666666667, 0.26166666666666666], [0.5766666666666667, 0.26166666666666666], [0.5808333333333333, 0.2625], [0.5816666666666667, 0.2633333333333333], [0.5858333333333333, 0.26416666666666666], [0.5875, 0.2633333333333333], [0.5883333333333334, 0.26166666666666666], [0.5858333333333333, 0.25916666666666666], [0.5825, 0.255], [0.5791666666666667, 0.25083333333333335], [0.5791666666666667, 0.25], [0.5758333333333333, 0.24666666666666667], [0.5725, 0.2425], [0.5708333333333333, 0.24], [0.5716666666666667, 0.23666666666666666], [0.5683333333333334, 0.23333333333333334], [0.565, 0.22916666666666666], [0.565, 0.22833333333333333], [0.5625, 0.2275]], "additionalOutlinePaths": [[[0.5666666666666667, 0.21166666666666667], [0.5658333333333333, 0.21416666666666667], [0.5675, 0.21583333333333332], [0.5708333333333333, 0.22], [0.5708333333333333, 0.22083333333333333], [0.5733333333333334, 0.22416666666666665], [0.5758333333333333, 0.22666666666666666], [0.5766666666666667, 0.225], [0.5775, 0.2225], [0.5783333333333334, 0.22083333333333333], [0.5775, 0.21916666666666668], [0.5741666666666667, 0.215], [0.5716666666666667, 0.21166666666666667]], [[0.5741666666666667, 0.19416666666666665], [0.5733333333333334, 0.19583333333333333], [0.5733333333333334, 0.19916666666666666], [0.5758333333333333, 0.2025], [0.5791666666666667, 0.20666666666666667], [0.5825, 0.21083333333333334], [0.5833333333333334, 0.20916666666666667], [0.5833333333333334, 0.2075], [0.5841666666666666, 0.20583333333333334], [0.585, 0.20416666666666666], [0.5833333333333334, 0.20166666666666666], [0.5808333333333333, 0.19833333333333333], [0.5775, 0.195], [0.5758333333333333, 0.195]], [[0.5808333333333333, 0.17833333333333334], [0.58, 0.18083333333333335], [0.58, 0.1825], [0.5816666666666667, 0.18416666666666667], [0.5841666666666666, 0.1875], [0.5841666666666666, 0.18833333333333332], [0.5866666666666667, 0.19166666666666668], [0.5891666666666666, 0.19416666666666665], [0.59, 0.19166666666666668], [0.5908333333333333, 0.19], [0.5908333333333333, 0.18666666666666668], [0.5883333333333334, 0.18333333333333332], [0.5866666666666667, 0.18083333333333335], [0.5841666666666666, 0.17833333333333334]], [[0.5875, 0.1625], [0.5875, 0.16416666666666666], [0.5875, 0.1675], [0.59, 0.17083333333333334], [0.5916666666666667, 0.17333333333333334], [0.5941666666666666, 0.17666666666666667], [0.5958333333333333, 0.17833333333333334], [0.5966666666666667, 0.17666666666666667], [0.5975, 0.17416666666666666], [0.5983333333333334, 0.17333333333333334], [0.5983333333333334, 0.17166666666666666], [0.5958333333333333, 0.16833333333333333], [0.5941666666666666, 0.16583333333333333], [0.5916666666666667, 0.1625]], [[0.595, 0.14583333333333334], [0.5941666666666666, 0.1475], [0.5933333333333334, 0.15], [0.595, 0.1525], [0.5975, 0.155], [0.5991666666666666, 0.1575], [0.5991666666666666, 0.15833333333333333], [0.6008333333333333, 0.16083333333333333], [0.6025, 0.1625], [0.6033333333333334, 0.16083333333333333], [0.6041666666666666, 0.15833333333333333], [0.605, 0.1575], [0.605, 0.15583333333333332], [0.6033333333333334, 0.15333333333333332], [0.6016666666666667, 0.15083333333333335], [0.6, 0.14833333333333334], [0.5983333333333334, 0.14666666666666667], [0.5966666666666667, 0.14666666666666667]]], "componentId": "wurth-elektronik-61300611121"}